source,target,Weight,piece_count
V,I,0.21152733,1
I,V,0.155048375,14
ii,V,0.05060779,5
I,IV,0.03150583,4
IV,V,0.030430828,4
viio,V,0.028198131,2
V,IV,0.023980815,1
I,ii,0.022244274,9
I,viio,0.022244274,5
vi,V,0.021996196,1
